date,value
8/6/2025,703
8/6/2025,567
8/6/2025,1367
8/7/2025,848
8/7/2025,346
8/7/2025,600
8/7/2025,1393
8/7/2025,1817
8/7/2025,615
8/7/2025,478
8/7/2025,362
8/7/2025,542
8/7/2025,893
8/7/2025,1032
8/7/2025,386
8/8/2025,835
8/8/2025,654
8/8/2025,90
8/8/2025,115
8/8/2025,360
8/8/2025,185
8/8/2025,1800
8/8/2025,125
8/8/2025,300
8/8/2025,364
8/8/2025,184
8/8/2025,301
8/8/2025,364
8/8/2025,422
8/8/2025,183
8/8/2025,544
8/8/2025,300
8/8/2025,435
8/8/2025,342
8/8/2025,2615
8/11/2025,1515
8/11/2025,172
8/11/2025,349
8/11/2025,67
8/11/2025,664
8/11/2025,240
8/11/2025,782
8/11/2025,244
8/11/2025,843
8/11/2025,900
8/11/2025,724
8/11/2025,973
8/11/2025,843
8/12/2025,806
8/12/2025,1375
8/12/2025,140
8/12/2025,830
8/12/2025,448
8/12/2025,264
8/12/2025,990
8/12/2025,1258
8/12/2025,63
8/12/2025,784
8/12/2025,181
8/12/2025,1153
8/12/2025,957
8/12/2025,769
8/12/2025,372
8/13/2025,176
8/13/2025,4
8/13/2025,457
8/13/2025,391
8/13/2025,144
8/13/2025,722
8/13/2025,1137
8/13/2025,125
8/13/2025,604
8/13/2025,1745
8/13/2025,62
8/13/2025,1191
8/13/2025,263
8/13/2025,235
8/13/2025,203
8/13/2025,811
8/14/2025,956
8/14/2025,1921
8/14/2025,543
8/14/2025,425
8/14/2025,2
8/14/2025,321
8/14/2025,587
8/14/2025,1242
8/15/2025,2293
8/15/2025,777
8/15/2025,470
8/15/2025,157
8/15/2025,2
8/15/2025,240
8/15/2025,660
8/15/2025,365
8/15/2025,1020
8/15/2025,534
8/15/2025,16
8/15/2025,187
8/18/2025,123
8/18/2025,1902
8/18/2025,635
8/18/2025,1219
8/18/2025,575
8/18/2025,272
8/18/2025,361
8/18/2025,898
8/18/2025,1191
8/18/2025,1144
8/18/2025,1625
8/18/2025,541
8/18/2025,544
8/18/2025,1923
8/18/2025,723
8/18/2025,305
8/18/2025,308
8/18/2025,780
8/19/2025,834
8/19/2025,760
8/19/2025,1292
8/19/2025,369
8/19/2025,619
8/19/2025,610
8/19/2025,261
8/19/2025,425
8/19/2025,4201
8/19/2025,1142
8/19/2025,721
8/19/2025,365
8/19/2025,2726
8/20/2025,2130
8/20/2025,350
8/20/2025,649
8/20/2025,725
8/20/2025,420
8/20/2025,699
8/20/2025,301
8/20/2025,283
8/20/2025,156
8/20/2025,241
8/20/2025,357
8/20/2025,720
8/20/2025,840
8/20/2025,1685
8/20/2025,1082
8/20/2025,241
8/20/2025,185
8/20/2025,244
8/20/2025,1260
8/20/2025,302
8/20/2025,1552
8/20/2025,623
8/21/2025,224
8/21/2025,218
8/21/2025,205
8/21/2025,181
8/21/2025,336
8/21/2025,809
8/21/2025,625
8/21/2025,1256
8/21/2025,157
8/21/2025,890
8/21/2025,600
8/21/2025,483
8/21/2025,365
8/21/2025,365
8/21/2025,182
8/21/2025,63
8/21/2025,62
8/21/2025,123
8/21/2025,305
8/21/2025,61
8/21/2025,123
8/21/2025,1301
8/21/2025,126
8/21/2025,342
8/22/2025,2007
8/22/2025,581
8/22/2025,327
8/22/2025,1081
8/22/2025,3718
8/22/2025,754
8/22/2025,1301
8/22/2025,1143
8/22/2025,1080
8/22/2025,544
8/22/2025,245
8/22/2025,481
8/22/2025,1215
8/22/2025,338
8/25/2025,187
8/25/2025,262
8/25/2025,542
8/25/2025,1920
8/25/2025,411
8/25/2025,201
8/25/2025,900
8/25/2025,176
8/25/2025,258
8/25/2025,1550
8/25/2025,181
8/25/2025,365
8/25/2025,1565
8/25/2025,300
8/25/2025,122
8/25/2025,1801
8/25/2025,661
8/25/2025,584
8/26/2025,612
8/26/2025,236
8/26/2025,223
8/26/2025,1030
8/26/2025,317
8/26/2025,1273
8/26/2025,170
8/26/2025,2218
8/26/2025,438
8/26/2025,725
8/26/2025,1022
8/26/2025,181
8/26/2025,842
8/26/2025,4609
8/26/2025,117
8/27/2025,17
8/27/2025,526
8/27/2025,56
8/27/2025,13
8/27/2025,363
8/27/2025,1205
8/27/2025,1143
8/27/2025,725
8/27/2025,420
8/27/2025,1741
8/27/2025,181
8/27/2025,665
8/27/2025,1082
8/27/2025,128
8/27/2025,664
8/28/2025,625
8/28/2025,2166
8/28/2025,883
8/28/2025,131
8/28/2025,396
8/28/2025,1040
8/28/2025,167
8/28/2025,1562
8/28/2025,482
8/28/2025,2821
8/28/2025,1561
8/28/2025,483
8/28/2025,281
8/28/2025,796
8/28/2025,506
8/28/2025,78
8/28/2025,429
8/29/2025,688
8/29/2025,698
8/29/2025,838
8/29/2025,401
8/29/2025,2345
8/29/2025,2342
8/29/2025,241
8/29/2025,181
8/29/2025,241
8/29/2025,120
8/29/2025,1623
8/29/2025,481
8/29/2025,421
8/29/2025,241
8/29/2025,244
8/29/2025,3000
9/1/2025,511
9/1/2025,465
9/1/2025,591
9/1/2025,1969
9/1/2025,169
9/1/2025,541
9/1/2025,780
9/1/2025,2343
9/1/2025,605
9/1/2025,1262
9/1/2025,3
9/1/2025,241
9/1/2025,720
9/2/2025,2565
9/2/2025,253
9/2/2025,244
9/2/2025,245
9/2/2025,304
9/2/2025,662
9/2/2025,867
9/2/2025,453
9/3/2025,366
9/3/2025,449
9/3/2025,1419
9/3/2025,1901
9/3/2025,305
9/3/2025,660
9/3/2025,1023
9/3/2025,362
9/3/2025,723
9/3/2025,1564
9/3/2025,362
9/3/2025,1307
9/4/2025,825
9/4/2025,858
9/4/2025,2404
9/4/2025,1316
9/4/2025,843
9/4/2025,244
9/4/2025,965
9/4/2025,962
9/4/2025,5
9/4/2025,1160
9/4/2025,431
9/4/2025,275
9/4/2025,521
9/4/2025,93
9/4/2025,554
9/5/2025,326
9/5/2025,503
9/5/2025,450
9/5/2025,608
9/5/2025,446
9/5/2025,2500
9/5/2025,602
9/5/2025,0
9/5/2025,243
9/5/2025,62
9/5/2025,365
9/5/2025,684
9/5/2025,400
9/5/2025,478
9/5/2025,1343
9/8/2025,317
9/8/2025,1323
9/8/2025,2682
9/8/2025,64
9/8/2025,962
9/8/2025,736
9/8/2025,824
9/8/2025,2045
9/8/2025,364
9/8/2025,304
9/8/2025,845
9/8/2025,121
9/8/2025,304
9/8/2025,65
9/8/2025,1807
9/8/2025,142
9/17/2025,571
9/17/2025,140
9/17/2025,235
9/17/2025,3
9/17/2025,475
9/17/2025,89
9/17/2025,4
9/17/2025,118
9/17/2025,1034
9/17/2025,560
9/17/2025,384
9/17/2025,593
9/17/2025,1501
9/17/2025,846
9/17/2025,423
9/17/2025,182
9/17/2025,783
9/17/2025,3245
9/17/2025,4
9/17/2025,844
9/17/2025,31
9/18/2025,9
9/18/2025,965
9/18/2025,474
9/18/2025,73
9/18/2025,965
9/18/2025,364
9/18/2025,1085
9/18/2025,540
9/18/2025,611
9/18/2025,380
9/18/2025,1637
9/18/2025,559
9/18/2025,131
9/18/2025,879
9/19/2025,433
9/19/2025,855
9/19/2025,178
9/19/2025,129
9/19/2025,891
9/19/2025,300
9/19/2025,512
9/19/2025,391
9/19/2025,337
9/19/2025,302
9/19/2025,63
9/19/2025,960
9/19/2025,423
9/19/2025,520
9/22/2025,1023
9/22/2025,4
9/22/2025,690
9/22/2025,527
9/22/2025,2201
9/22/2025,555
9/22/2025,206
9/22/2025,698
9/22/2025,601
9/22/2025,182
9/22/2025,3720
9/22/2025,122
9/22/2025,121
9/22/2025,180
9/22/2025,124
9/22/2025,425
9/22/2025,121
9/22/2025,434
9/22/2025,517
9/22/2025,574
9/23/2025,914
9/23/2025,511
9/23/2025,727
9/23/2025,769
9/23/2025,214
9/23/2025,878
9/23/2025,472
9/23/2025,486
9/23/2025,303
9/23/2025,5
9/23/2025,125
9/23/2025,86
9/23/2025,944
9/23/2025,286
9/23/2025,915
9/24/2025,216
9/24/2025,186
9/24/2025,647
9/24/2025,1304
9/24/2025,687
9/24/2025,120
9/24/2025,781
9/24/2025,1562
9/24/2025,484
9/24/2025,1081
9/24/2025,425
9/24/2025,668
9/25/2025,575
9/25/2025,802
9/25/2025,538
9/25/2025,715
9/25/2025,561
9/25/2025,151
9/25/2025,185
9/25/2025,353
9/25/2025,982
9/25/2025,960
9/25/2025,1085
9/25/2025,485
9/25/2025,1560
9/25/2025,1144
9/25/2025,784
9/25/2025,260
9/25/2025,1093
9/29/2025,220
9/29/2025,316
9/29/2025,223
9/29/2025,113
9/29/2025,663
9/29/2025,424
9/29/2025,125
9/29/2025,960
9/29/2025,542
9/29/2025,424
9/29/2025,305
9/29/2025,219
9/30/2025,259
9/30/2025,1603
9/30/2025,61
9/30/2025,465
9/30/2025,1256
9/30/2025,1291
9/30/2025,133
9/30/2025,784
9/30/2025,301
9/30/2025,300
9/30/2025,420
9/30/2025,330
9/30/2025,997
9/30/2025,688
9/30/2025,604
10/1/2025,111
10/1/2025,888
10/1/2025,346
10/1/2025,209
10/1/2025,94
10/1/2025,41
10/1/2025,805
10/1/2025,357
10/1/2025,266
10/1/2025,612
10/1/2025,585
10/1/2025,332
10/1/2025,1140
10/1/2025,784
10/1/2025,785
10/1/2025,540
10/1/2025,124
10/1/2025,242
10/1/2025,4
10/1/2025,243
10/1/2025,180
10/1/2025,603
10/1/2025,1188
10/2/2025,325
10/2/2025,400
10/2/2025,492
10/2/2025,518
10/2/2025,584
10/2/2025,361
10/2/2025,1994
10/2/2025,370
10/2/2025,1021
10/2/2025,181
10/2/2025,181
10/2/2025,183
10/2/2025,499
10/2/2025,729
10/2/2025,548
10/2/2025,283
10/3/2025,291
10/3/2025,397
10/3/2025,256
10/3/2025,143
10/3/2025,321
10/3/2025,708
10/3/2025,1166
10/3/2025,320
10/3/2025,98
10/3/2025,161
10/3/2025,425
10/3/2025,963
10/3/2025,481
10/3/2025,301
10/3/2025,304
10/3/2025,300
10/3/2025,5
10/3/2025,120
10/3/2025,901
10/3/2025,410
10/6/2025,1742
10/6/2025,316
10/6/2025,31
10/6/2025,189
10/6/2025,48
10/6/2025,327
10/6/2025,245
10/6/2025,0
10/6/2025,305
10/6/2025,1741
10/6/2025,782
10/6/2025,3
10/6/2025,214
10/6/2025,79
10/7/2025,891
10/7/2025,365
10/7/2025,163
10/7/2025,840
10/7/2025,741
10/7/2025,229
10/7/2025,1537
10/7/2025,634
10/7/2025,298
10/7/2025,1262
10/7/2025,1860
10/7/2025,363
10/7/2025,124
10/7/2025,567
10/7/2025,28
10/7/2025,505
10/7/2025,1984
10/7/2025,1330
10/8/2025,609
10/8/2025,1875
10/8/2025,549
10/8/2025,2813
10/8/2025,144
10/8/2025,1987
10/8/2025,483
10/8/2025,300
10/8/2025,544
10/8/2025,64
10/8/2025,124
10/8/2025,843
10/8/2025,241
10/8/2025,483
10/8/2025,181
10/8/2025,341
10/8/2025,315
10/8/2025,211
10/9/2025,1087
10/9/2025,342
10/9/2025,503
10/9/2025,340
10/9/2025,128
10/9/2025,1076
10/9/2025,130
10/9/2025,665
10/9/2025,185
10/9/2025,485
10/9/2025,121
10/9/2025,784
10/9/2025,361
10/9/2025,1621
10/9/2025,845
10/9/2025,321
10/9/2025,427
10/10/2025,56
10/10/2025,316
10/10/2025,468
10/10/2025,113
10/10/2025,1269
10/10/2025,172
10/10/2025,151
10/10/2025,171
10/10/2025,146
10/10/2025,484
10/10/2025,420
10/10/2025,63
10/10/2025,1140
10/10/2025,841
10/10/2025,1527
10/13/2025,194
10/13/2025,748
10/13/2025,2020
10/13/2025,261
10/13/2025,304
10/13/2025,124
10/13/2025,485
10/13/2025,1860
10/13/2025,904
10/13/2025,723
10/13/2025,845
10/13/2025,303
10/13/2025,180
10/13/2025,351
10/13/2025,300
10/13/2025,640
10/14/2025,729
10/14/2025,413
10/14/2025,755
10/14/2025,120
10/14/2025,449
10/14/2025,398
10/14/2025,1002
10/14/2025,568
10/14/2025,773
10/14/2025,175
10/14/2025,232
10/14/2025,363
10/14/2025,1200
10/14/2025,543
10/14/2025,724
10/14/2025,241
10/14/2025,180
10/14/2025,325
10/14/2025,802
10/14/2025,408
10/14/2025,548
10/14/2025,417
10/15/2025,711
10/15/2025,469
10/15/2025,404
10/15/2025,995
10/15/2025,757
10/15/2025,617
10/15/2025,1582
10/15/2025,750
10/15/2025,799
10/15/2025,241
10/15/2025,122
10/15/2025,665
10/15/2025,183
10/15/2025,64
10/15/2025,244
10/15/2025,184
10/15/2025,65
10/15/2025,124
10/15/2025,720
10/15/2025,361
10/15/2025,481
10/15/2025,1120
10/15/2025,753
10/16/2025,71
10/16/2025,112
10/16/2025,646
10/16/2025,735
10/16/2025,958
10/16/2025,338
10/16/2025,586
10/16/2025,900
10/16/2025,480
10/16/2025,245
10/16/2025,420
10/16/2025,125
10/16/2025,601
10/16/2025,140
10/16/2025,136
10/16/2025,734
10/17/2025,369
10/17/2025,334
10/17/2025,480
10/17/2025,181
10/17/2025,491
10/17/2025,357
10/17/2025,816
10/17/2025,563
10/17/2025,840
10/17/2025,301
10/17/2025,301
10/17/2025,602
10/17/2025,300
10/17/2025,362
10/17/2025,962
10/17/2025,394
10/17/2025,380
10/20/2025,267
10/20/2025,568
10/20/2025,195
10/20/2025,239
10/20/2025,142
10/20/2025,198
10/20/2025,499
10/20/2025,139
10/20/2025,47
10/20/2025,305
10/20/2025,241
10/20/2025,1320
10/20/2025,725
10/20/2025,842
10/20/2025,1743
10/20/2025,482
10/20/2025,184
10/21/2025,548
10/21/2025,1106
10/21/2025,655
10/21/2025,673
10/21/2025,300
10/21/2025,1792
10/21/2025,71
10/21/2025,1503
10/21/2025,2465
10/21/2025,1565
10/21/2025,1322
10/21/2025,62
10/21/2025,2140
10/21/2025,559
10/21/2025,755
10/22/2025,712
10/22/2025,170
10/22/2025,1103
10/22/2025,1048
10/22/2025,95
10/22/2025,1223
10/22/2025,171
10/22/2025,965
10/22/2025,1141
10/22/2025,905
10/22/2025,303
10/22/2025,125
10/22/2025,125
10/22/2025,205
10/22/2025,197
10/23/2025,188
10/23/2025,801
10/23/2025,183
10/23/2025,302
10/23/2025,46
10/23/2025,241
10/23/2025,64
10/23/2025,1187
10/23/2025,1382
10/23/2025,545
10/23/2025,125
10/23/2025,781
10/23/2025,241
10/23/2025,301
10/23/2025,363
10/23/2025,184
10/23/2025,389
10/23/2025,274
10/23/2025,1340
10/23/2025,109
10/23/2025,480
10/23/2025,494
10/23/2025,50
10/24/2025,860
10/24/2025,65
10/24/2025,458
10/24/2025,71
10/24/2025,503
10/24/2025,330
10/24/2025,187
10/24/2025,100
10/24/2025,492
10/24/2025,335
10/24/2025,724
10/24/2025,244
10/24/2025,60
10/24/2025,63
10/24/2025,184
10/24/2025,124
10/24/2025,845
10/24/2025,125
10/24/2025,182
10/24/2025,122
10/24/2025,540
10/24/2025,241
10/24/2025,164
10/27/2025,125
10/27/2025,120
10/27/2025,1182
10/27/2025,860
10/27/2025,1331
10/27/2025,384
10/27/2025,210
10/27/2025,87
10/27/2025,365
10/27/2025,601
10/27/2025,484
10/27/2025,303
10/27/2025,663
10/27/2025,243
10/27/2025,302
10/27/2025,783
10/27/2025,811
10/27/2025,359
10/28/2025,155
10/28/2025,1885
10/28/2025,626
10/28/2025,745
10/28/2025,174
10/28/2025,923
10/28/2025,113
10/28/2025,342
10/28/2025,288
10/28/2025,612
10/28/2025,159
10/28/2025,367
10/28/2025,1562
10/28/2025,181
10/28/2025,365
10/28/2025,242
10/28/2025,178
10/28/2025,319
10/29/2025,644
10/29/2025,894
10/29/2025,1395
10/29/2025,105
10/29/2025,197
10/29/2025,1056
10/29/2025,1441
10/29/2025,365
10/29/2025,485
10/29/2025,844
10/29/2025,86
10/29/2025,145
10/29/2025,188
10/30/2025,687
10/30/2025,542
10/30/2025,410
10/30/2025,221
10/30/2025,529
10/30/2025,92
10/30/2025,669
10/30/2025,134
10/30/2025,89
10/30/2025,396
10/30/2025,841
10/30/2025,2825
10/30/2025,120
10/30/2025,64
10/30/2025,360
10/30/2025,424
10/30/2025,963
10/30/2025,485
10/30/2025,1015
10/30/2025,324
10/31/2025,439
10/31/2025,662
10/31/2025,566
10/31/2025,395
10/31/2025,519
10/31/2025,233
10/31/2025,165
10/31/2025,541
10/31/2025,124
10/31/2025,665
10/31/2025,180
10/31/2025,241
10/31/2025,722
10/31/2025,481
10/31/2025,1085
10/31/2025,540
10/31/2025,926
10/31/2025,191
11/3/2025,389
11/3/2025,412
11/3/2025,307
11/3/2025,372
11/3/2025,403
11/3/2025,390
11/3/2025,201
11/3/2025,1683
11/3/2025,364
11/3/2025,602
11/3/2025,963
11/3/2025,542
11/3/2025,1381
11/3/2025,485
11/3/2025,811
11/3/2025,156
11/3/2025,462
11/4/2025,1966
11/4/2025,183
11/4/2025,123
11/4/2025,1385
11/4/2025,844
11/4/2025,245
11/4/2025,181
11/4/2025,1
11/4/2025,596
11/4/2025,323
11/5/2025,490
11/5/2025,66
11/5/2025,870
11/5/2025,56
11/5/2025,575
11/5/2025,675
11/5/2025,240
11/5/2025,303
11/5/2025,305
11/5/2025,545
11/5/2025,121
11/5/2025,603
11/5/2025,61
11/5/2025,301
11/5/2025,2701
11/5/2025,1172
11/6/2025,75
11/6/2025,591
11/6/2025,1383
11/6/2025,669
11/6/2025,173
11/6/2025,701
11/6/2025,7
11/6/2025,139
11/6/2025,371
11/6/2025,540
11/6/2025,0
11/6/2025,301
11/6/2025,842
11/6/2025,1024
11/6/2025,122
11/6/2025,240
11/6/2025,1443
11/6/2025,365
11/6/2025,193
11/6/2025,1051
11/6/2025,250
11/6/2025,840
11/7/2025,607
11/7/2025,1606
11/7/2025,777
11/7/2025,940
11/7/2025,742
11/7/2025,406
11/7/2025,121
11/7/2025,74
11/7/2025,1061
11/7/2025,421
11/7/2025,722
11/7/2025,123
11/7/2025,424
11/7/2025,481
11/7/2025,184
11/7/2025,63
11/7/2025,364
11/7/2025,2814
11/10/2025,343
11/10/2025,179
11/10/2025,69
11/10/2025,720
11/10/2025,235
11/10/2025,352
11/10/2025,898
11/10/2025,283
11/10/2025,973
11/10/2025,793
11/10/2025,66
11/10/2025,183
11/10/2025,241
11/10/2025,121
11/10/2025,663
11/10/2025,425
11/10/2025,420
11/10/2025,485
11/10/2025,183
11/10/2025,362
11/10/2025,90
11/11/2025,468
11/11/2025,1205
11/11/2025,1512
11/11/2025,243
11/11/2025,1064
11/11/2025,589
11/11/2025,818
11/11/2025,841
11/11/2025,781
11/11/2025,362
11/11/2025,0
11/11/2025,421
11/11/2025,782
11/11/2025,363
11/11/2025,0
11/11/2025,123
11/11/2025,530
11/11/2025,420
11/11/2025,132
11/12/2025,1225
11/12/2025,491
11/12/2025,640
11/12/2025,223
11/12/2025,315
11/12/2025,484
11/12/2025,183
11/12/2025,785
11/12/2025,542
11/12/2025,302
11/12/2025,241
11/12/2025,365
11/12/2025,63
11/12/2025,723
11/12/2025,61
11/12/2025,125
11/12/2025,1064
11/12/2025,178
11/13/2025,539
11/13/2025,290
11/13/2025,390
11/13/2025,1697
11/13/2025,157
11/13/2025,957
11/13/2025,388
11/13/2025,114
11/13/2025,840
11/13/2025,305
11/13/2025,601
11/13/2025,124
11/13/2025,424
11/13/2025,181
11/13/2025,65
11/13/2025,240
11/13/2025,688
11/13/2025,668
11/14/2025,610
11/14/2025,456
11/14/2025,291
11/14/2025,452
11/14/2025,90
11/14/2025,176
11/14/2025,121
11/14/2025,112
11/14/2025,479
11/14/2025,181
11/14/2025,544
11/14/2025,181
11/14/2025,540
11/14/2025,660
11/14/2025,122
11/14/2025,364
11/14/2025,1352
11/14/2025,1049
11/14/2025,394
11/17/2025,264
11/17/2025,721
11/17/2025,770
11/17/2025,2363
11/17/2025,453
11/17/2025,151
11/17/2025,1003
11/17/2025,2521
11/17/2025,482
11/17/2025,97
11/17/2025,185
11/17/2025,542
11/17/2025,482
11/17/2025,1020
11/17/2025,780
11/17/2025,300
11/17/2025,901
11/17/2025,900
11/17/2025,1089
11/18/2025,37
11/18/2025,250
11/18/2025,140
11/18/2025,515
11/18/2025,514
11/18/2025,1121
11/18/2025,461
11/18/2025,301
11/18/2025,227
11/18/2025,317
11/18/2025,1149
11/18/2025,542
11/18/2025,243
11/18/2025,1505
11/18/2025,240
11/18/2025,482
11/18/2025,1358
11/18/2025,300
11/19/2025,161
11/19/2025,631
11/19/2025,182
11/19/2025,930
11/19/2025,1203
11/19/2025,561
11/19/2025,446
11/19/2025,1194
11/19/2025,1594
11/19/2025,1256
11/19/2025,175
11/19/2025,482
11/19/2025,245
11/19/2025,120
11/19/2025,781
11/19/2025,125
11/19/2025,603
11/19/2025,717
11/19/2025,148
11/19/2025,586
11/20/2025,2159
11/20/2025,986
11/20/2025,540
11/20/2025,1741
11/20/2025,2281
11/20/2025,543
11/20/2025,542
11/20/2025,746
11/20/2025,154
11/20/2025,2144
11/21/2025,1057
11/21/2025,1665
11/21/2025,130
11/21/2025,197
11/21/2025,653
11/21/2025,366
11/21/2025,153
11/21/2025,409
11/21/2025,607
11/21/2025,965
11/21/2025,545
11/21/2025,61
11/21/2025,663
11/21/2025,242
11/21/2025,365
11/21/2025,844
11/21/2025,230
11/21/2025,778
11/21/2025,1212
11/24/2025,514
11/24/2025,337
11/24/2025,684
11/24/2025,190
11/24/2025,1671
11/24/2025,150
11/24/2025,588
11/24/2025,660
11/24/2025,590
11/24/2025,118
11/24/2025,591
11/24/2025,150
11/24/2025,873
11/24/2025,95
11/24/2025,962
11/24/2025,424
11/24/2025,542
11/24/2025,1083
11/24/2025,365
11/24/2025,184
11/24/2025,64
11/24/2025,63
11/24/2025,182
11/24/2025,363
11/24/2025,243
11/24/2025,652
11/25/2025,3917
11/25/2025,1071
11/25/2025,128
11/25/2025,207
11/25/2025,78
11/25/2025,492
11/25/2025,301
11/25/2025,483
11/25/2025,302
11/25/2025,120
11/25/2025,364
11/25/2025,122
11/25/2025,123
11/25/2025,1684
11/25/2025,64
11/25/2025,365
11/25/2025,161
11/25/2025,463
11/25/2025,900
11/25/2025,434
11/25/2025,288
11/26/2025,591
11/26/2025,1301
11/26/2025,220
11/26/2025,648
11/26/2025,200
11/26/2025,138
11/26/2025,421
11/26/2025,175
11/26/2025,387
11/26/2025,1990
11/26/2025,350
11/26/2025,65
11/26/2025,5
11/26/2025,1085
11/26/2025,365
11/26/2025,300
11/26/2025,181
11/26/2025,183
11/26/2025,480
11/26/2025,68
11/26/2025,152
11/26/2025,940
11/27/2025,277
11/27/2025,1949
11/27/2025,412
11/27/2025,192
11/27/2025,242
11/27/2025,365
11/27/2025,199
11/27/2025,1606
11/27/2025,1286
11/27/2025,1201
11/27/2025,423
11/27/2025,0
11/27/2025,781
11/27/2025,483
11/27/2025,605
11/27/2025,1262
11/27/2025,665
11/27/2025,1367
11/27/2025,816
11/27/2025,163
11/28/2025,489
11/28/2025,2162
11/28/2025,61
11/28/2025,1205
11/28/2025,1025
11/28/2025,999
11/28/2025,190
11/28/2025,834
11/28/2025,298
11/28/2025,198
11/28/2025,1985
12/1/2025,1003
12/1/2025,189
12/1/2025,647
12/1/2025,120
12/1/2025,34
12/1/2025,3140
12/1/2025,214
12/1/2025,597
12/1/2025,1443
12/1/2025,1204
12/1/2025,64
12/1/2025,540
12/1/2025,184
12/1/2025,245
12/1/2025,3481
12/1/2025,63
12/1/2025,302
12/1/2025,785
12/1/2025,1147
12/1/2025,660
12/1/2025,920
12/2/2025,181
12/2/2025,529
12/2/2025,544
12/3/2025,110
12/3/2025,106
12/3/2025,299
12/3/2025,470
12/3/2025,211
12/3/2025,684
12/3/2025,129
12/3/2025,298
12/3/2025,731
12/3/2025,125
12/3/2025,367
12/3/2025,425
12/3/2025,245
12/3/2025,1142
12/3/2025,905
12/3/2025,845
12/3/2025,1
12/3/2025,295
12/4/2025,2396
12/4/2025,196
12/4/2025,329
12/4/2025,459
12/4/2025,790
12/4/2025,2004
12/4/2025,955
12/4/2025,65
12/4/2025,181
12/4/2025,243
12/4/2025,4
12/4/2025,181
12/4/2025,661
12/4/2025,339
12/5/2025,511
12/5/2025,376
12/5/2025,108
12/5/2025,867
12/5/2025,398
12/5/2025,783
12/5/2025,994
12/5/2025,933
12/5/2025,185
12/5/2025,122
12/5/2025,1020
12/5/2025,962
12/5/2025,185
12/5/2025,121
12/5/2025,64
12/5/2025,118
12/5/2025,487
12/5/2025,1019
12/8/2025,191
12/8/2025,190
12/8/2025,190
12/8/2025,911
12/8/2025,354
12/8/2025,193
12/8/2025,258
12/8/2025,935
12/8/2025,99
12/8/2025,1844
12/8/2025,142
12/8/2025,179
12/8/2025,360
12/8/2025,363
12/8/2025,304
12/8/2025,725
12/8/2025,601
12/8/2025,782
12/8/2025,1080
12/8/2025,182
12/8/2025,303
12/8/2025,1264
12/8/2025,60
12/8/2025,64
12/8/2025,348
12/8/2025,800
12/11/2025,358
12/11/2025,312
12/11/2025,250
12/11/2025,126
12/11/2025,534
12/12/2025,733
12/12/2025,190
12/12/2025,317
12/12/2025,537
12/12/2025,1155
12/12/2025,1056
12/12/2025,570
12/12/2025,84
12/12/2025,649
12/12/2025,255
12/12/2025,628
12/12/2025,118
12/12/2025,686
12/12/2025,154
12/12/2025,360
12/12/2025,482
12/12/2025,63
12/12/2025,362
12/12/2025,245
12/12/2025,362
12/12/2025,60
12/12/2025,1413
12/12/2025,1321
12/15/2025,187
12/15/2025,322
12/15/2025,52
12/15/2025,560
12/15/2025,155
12/15/2025,92
12/15/2025,620
12/15/2025,711
12/15/2025,734
12/15/2025,1197
12/15/2025,1684
12/15/2025,422
12/15/2025,121
12/15/2025,1140
12/15/2025,64
12/15/2025,1650
12/15/2025,134
12/15/2025,433
12/16/2025,980
12/16/2025,1876
12/16/2025,236
12/16/2025,616
12/16/2025,212
12/16/2025,313
12/16/2025,292
12/16/2025,92
12/16/2025,124
12/16/2025,425
12/16/2025,1440
12/16/2025,783
12/16/2025,667
12/16/2025,1540
12/16/2025,239
12/16/2025,531
12/17/2025,1587
12/17/2025,282
12/17/2025,983
12/17/2025,56
12/17/2025,424
12/17/2025,166
12/17/2025,557
12/17/2025,1513
12/17/2025,80
12/17/2025,145
12/17/2025,360
12/17/2025,420
12/17/2025,64
12/17/2025,364
12/17/2025,182
12/17/2025,244
12/17/2025,1445
12/17/2025,180
12/17/2025,1263
12/18/2025,66
12/18/2025,445
12/18/2025,282
12/18/2025,645
12/18/2025,441
12/18/2025,304
12/18/2025,251
12/18/2025,504
12/18/2025,2366
12/18/2025,362
12/18/2025,60
12/18/2025,1082
12/18/2025,183
12/18/2025,125
12/18/2025,187
12/18/2025,649
12/18/2025,679
12/18/2025,149
12/18/2025,233
12/18/2025,66
12/19/2025,1024
12/19/2025,4202
12/19/2025,524
12/19/2025,1441
12/19/2025,482
12/19/2025,184
12/19/2025,62
12/19/2025,843
12/19/2025,421
12/22/2025,1237
12/22/2025,209
12/22/2025,722
12/22/2025,354
12/22/2025,789
12/22/2025,819
12/22/2025,889
12/22/2025,171
12/22/2025,1021
12/22/2025,120
12/22/2025,662
12/22/2025,121
12/22/2025,964
12/22/2025,854
12/22/2025,377
12/22/2025,54
12/23/2025,670
12/23/2025,156
12/23/2025,2284
12/23/2025,540
12/23/2025,1980
12/23/2025,274
12/23/2025,252
12/23/2025,227
12/23/2025,68
12/24/2025,68
12/24/2025,1791
12/24/2025,363
12/24/2025,721
12/24/2025,120
12/24/2025,156
12/29/2025,892
12/29/2025,1532
12/29/2025,189
12/29/2025,423
12/29/2025,120
12/29/2025,180
12/29/2025,542
12/29/2025,304
12/29/2025,371
12/30/2025,831
12/30/2025,296
12/30/2025,879
12/30/2025,785
12/30/2025,480
12/30/2025,1145
12/30/2025,1382
12/31/2025,408
12/31/2025,441
12/31/2025,1741
12/31/2025,182
12/31/2025,844
12/31/2025,356
1/2/2026,1045
1/2/2026,368
1/2/2026,124
1/2/2026,965
1/2/2026,64
1/2/2026,5
1/2/2026,799
1/2/2026,2275
1/5/2026,1384
1/5/2026,316
1/5/2026,501
1/5/2026,709
1/5/2026,541
1/5/2026,234
1/5/2026,249
1/5/2026,129
1/5/2026,70
1/5/2026,660
1/5/2026,590
1/5/2026,125
1/5/2026,1402
1/5/2026,1022
1/7/2026,372
1/7/2026,81
1/7/2026,485
1/7/2026,517
1/7/2026,1040
1/7/2026,275
1/7/2026,581
1/7/2026,1263
1/7/2026,245
1/7/2026,543
1/7/2026,65
1/7/2026,1744
1/7/2026,545
1/7/2026,364
1/7/2026,1383
1/7/2026,154
1/7/2026,500
1/7/2026,798
1/8/2026,1214
1/8/2026,184
1/8/2026,93
1/8/2026,577
1/8/2026,358
1/8/2026,402
1/8/2026,196
1/8/2026,509
1/8/2026,477
1/8/2026,1022
1/8/2026,543
1/8/2026,184
1/8/2026,484
1/8/2026,365
1/8/2026,361
1/8/2026,214
1/8/2026,1220
1/8/2026,1289
1/8/2026,1324
1/8/2026,754
1/9/2026,559
1/9/2026,131
1/9/2026,518
1/9/2026,904
1/9/2026,326
1/9/2026,117
1/9/2026,215
1/9/2026,92
1/9/2026,325
1/9/2026,304
1/9/2026,464
1/9/2026,483
1/9/2026,302
1/9/2026,181
1/9/2026,124
1/9/2026,541
1/9/2026,964
1/9/2026,194
1/9/2026,87
1/12/2026,251
1/12/2026,227
1/12/2026,273
1/12/2026,131
1/12/2026,174
1/12/2026,298
1/12/2026,209
1/12/2026,369
1/12/2026,211
1/12/2026,603
1/12/2026,480
1/12/2026,2
1/12/2026,300
1/12/2026,604
1/12/2026,480
1/12/2026,243
1/12/2026,481
1/12/2026,841
1/12/2026,423
1/12/2026,280
1/12/2026,132
1/12/2026,682
1/12/2026,566
1/13/2026,63
1/13/2026,681
1/13/2026,152
1/13/2026,707
1/13/2026,1575
1/13/2026,664
1/13/2026,663
1/13/2026,244
1/13/2026,482
1/13/2026,302
1/13/2026,3425
1/13/2026,243
1/13/2026,421
1/13/2026,120
1/13/2026,962
1/13/2026,143
1/13/2026,414
1/13/2026,584
1/14/2026,104
1/14/2026,611
1/14/2026,374
1/14/2026,230
1/14/2026,522
1/14/2026,186
1/14/2026,810
1/14/2026,139
1/14/2026,442
1/14/2026,935
1/14/2026,98
1/14/2026,138
1/14/2026,210
1/14/2026,246
1/14/2026,812
1/14/2026,1039
1/14/2026,604
1/14/2026,843
1/14/2026,181
1/14/2026,62
1/14/2026,241
1/14/2026,184
1/14/2026,61
1/14/2026,602
1/14/2026,125
1/14/2026,64
1/15/2026,1540
1/15/2026,1042
1/15/2026,135
1/15/2026,144
1/15/2026,1232
1/15/2026,618
1/15/2026,437
1/15/2026,1861
1/15/2026,485
1/15/2026,241
1/15/2026,185
1/15/2026,363
1/15/2026,122
1/15/2026,662
1/15/2026,240
1/15/2026,601
1/15/2026,758
1/15/2026,474
1/15/2026,418
1/15/2026,44
1/16/2026,375
1/16/2026,402
1/16/2026,79
1/16/2026,655
1/16/2026,941
1/16/2026,80
1/16/2026,1324
1/16/2026,325
1/16/2026,407
1/16/2026,362
1/16/2026,241
1/16/2026,1563
1/16/2026,241
1/16/2026,5
1/16/2026,362
1/16/2026,180
1/16/2026,61
1/16/2026,300
1/16/2026,62
1/16/2026,665
1/16/2026,60
1/16/2026,2505
1/16/2026,161
1/19/2026,129
1/19/2026,62
1/19/2026,822
1/19/2026,518
1/19/2026,866
1/19/2026,258
1/19/2026,76
1/19/2026,446
1/19/2026,96
1/19/2026,1257
1/19/2026,280
1/19/2026,362
1/19/2026,182
1/19/2026,425
1/19/2026,183
1/19/2026,901
1/19/2026,65
1/19/2026,303
1/19/2026,122
1/19/2026,245
1/19/2026,123
1/19/2026,286
1/19/2026,233
1/20/2026,184
1/20/2026,505
1/20/2026,503
1/20/2026,1671
1/20/2026,1004
1/20/2026,113
1/20/2026,360
1/20/2026,845
1/20/2026,242
1/20/2026,364
1/20/2026,480
1/20/2026,241
1/20/2026,667
1/20/2026,1317
1/20/2026,182
1/20/2026,256
1/20/2026,744
1/21/2026,443
1/21/2026,748
1/21/2026,277
1/21/2026,226
1/21/2026,952
1/21/2026,164
1/21/2026,302
1/21/2026,931
1/21/2026,1312
1/21/2026,134
1/21/2026,97
1/21/2026,263
1/21/2026,122
1/21/2026,832
1/21/2026,425
1/21/2026,2043
1/21/2026,1021
1/21/2026,481
1/21/2026,540
1/21/2026,965
1/21/2026,74
1/22/2026,320
1/22/2026,215
1/22/2026,474
1/22/2026,161
1/22/2026,785
1/22/2026,444
1/22/2026,165
1/22/2026,205
1/22/2026,196
1/22/2026,469
1/22/2026,473
1/22/2026,734
1/22/2026,426
1/22/2026,305
1/22/2026,123
1/22/2026,63
1/22/2026,605
1/22/2026,904
1/22/2026,123
1/22/2026,842
1/22/2026,1140
1/22/2026,1336
1/22/2026,185
1/23/2026,460
1/23/2026,101
1/23/2026,491
1/23/2026,99
1/23/2026,1791
1/23/2026,55
1/23/2026,63
1/23/2026,75
1/23/2026,36
1/23/2026,1755
1/23/2026,880
1/23/2026,528
1/23/2026,124
1/23/2026,2
1/23/2026,303
1/23/2026,5
1/23/2026,843
1/23/2026,62
1/23/2026,4
1/23/2026,784
1/23/2026,3
1/23/2026,1
1/23/2026,4
1/23/2026,3
1/23/2026,3
1/23/2026,722
1/23/2026,425
1/23/2026,927
1/23/2026,32
1/23/2026,40
1/27/2026,683
1/27/2026,590
1/27/2026,425
1/27/2026,169
1/27/2026,349
1/27/2026,602
1/27/2026,301
1/27/2026,60
1/27/2026,64
1/27/2026,121
1/27/2026,180
1/27/2026,301
1/27/2026,61
1/27/2026,425
1/27/2026,245
1/27/2026,1444
1/27/2026,303
1/27/2026,181
1/27/2026,610
1/27/2026,315
1/27/2026,450
1/27/2026,116
1/27/2026,403
1/27/2026,446
1/28/2026,296
1/28/2026,114
1/28/2026,636
1/28/2026,1019
1/28/2026,757
1/28/2026,365
1/28/2026,90
1/28/2026,1131
1/28/2026,493
1/28/2026,1144
1/28/2026,301
1/28/2026,245
1/28/2026,65
1/28/2026,121
1/28/2026,485
1/28/2026,784
1/28/2026,421
1/28/2026,243
1/28/2026,155
1/28/2026,158
1/29/2026,336
1/29/2026,619
1/29/2026,592
1/29/2026,676
1/29/2026,137
1/29/2026,170
1/29/2026,1540
1/29/2026,906
1/29/2026,397
1/29/2026,544
1/29/2026,185
1/29/2026,242
1/29/2026,241
1/29/2026,64
1/29/2026,182
1/29/2026,364
1/29/2026,125
1/29/2026,184
1/29/2026,123
1/29/2026,375
1/29/2026,166
1/29/2026,389
1/30/2026,1377
1/30/2026,466
1/30/2026,378
1/30/2026,544
1/30/2026,57
1/30/2026,319
1/30/2026,361
1/30/2026,1020
1/30/2026,1201
1/30/2026,543
1/30/2026,602
1/30/2026,1682
1/30/2026,303
1/30/2026,1254
1/30/2026,161
1/30/2026,63
2/2/2026,797
2/2/2026,280
2/2/2026,494
2/2/2026,461
2/2/2026,300
2/2/2026,168
2/2/2026,1200
2/2/2026,960
2/2/2026,62
2/2/2026,481
2/2/2026,125
2/2/2026,63
2/2/2026,120
2/2/2026,301
2/2/2026,120
2/2/2026,413
2/3/2026,238
2/3/2026,153
2/3/2026,839
2/3/2026,115
2/3/2026,75
2/3/2026,193
2/3/2026,386
2/3/2026,1035
2/3/2026,270
2/3/2026,1646
2/3/2026,257
2/3/2026,279
2/3/2026,525
2/3/2026,1263
2/3/2026,180
2/3/2026,241
2/3/2026,124
2/3/2026,64
2/3/2026,180
2/3/2026,1860
2/3/2026,421
2/3/2026,305
2/3/2026,65
2/3/2026,305
2/3/2026,216
2/3/2026,728
2/3/2026,553
2/3/2026,97
2/3/2026,441
2/4/2026,193
2/4/2026,659
2/4/2026,448
2/4/2026,65
2/4/2026,493
2/4/2026,647
2/4/2026,214
2/4/2026,86
2/4/2026,242
2/4/2026,344
2/4/2026,91
2/4/2026,197
2/4/2026,399
2/4/2026,258
2/4/2026,272
2/4/2026,251
2/4/2026,241
2/4/2026,185
2/4/2026,480
2/4/2026,605
2/4/2026,185
2/4/2026,365
2/4/2026,61
2/4/2026,65
2/4/2026,122
2/4/2026,1023
2/4/2026,601
2/4/2026,780
2/4/2026,300
2/4/2026,1083
2/4/2026,585
2/4/2026,64
2/4/2026,191
2/4/2026,573
2/4/2026,276
2/5/2026,259
2/5/2026,661
2/5/2026,321
2/5/2026,200
2/5/2026,497
2/5/2026,101
2/5/2026,224
2/5/2026,259
2/5/2026,189
2/5/2026,549
2/5/2026,538
2/5/2026,332
2/5/2026,397
2/5/2026,638
2/5/2026,148
2/5/2026,245
2/5/2026,545
2/5/2026,124
2/5/2026,121
2/5/2026,1262
2/5/2026,304
2/5/2026,122
2/5/2026,722
2/5/2026,124
2/5/2026,1261
2/5/2026,200
2/5/2026,1265
2/5/2026,191
2/5/2026,1367
2/5/2026,106
2/6/2026,726
2/6/2026,297
2/6/2026,176
2/6/2026,2169
2/6/2026,247
2/6/2026,380
2/6/2026,145
2/6/2026,903
2/6/2026,602
2/6/2026,60
2/6/2026,480
2/6/2026,123
2/6/2026,1202
2/6/2026,301
2/6/2026,484
2/6/2026,243
2/6/2026,125
2/6/2026,480
2/6/2026,197
2/6/2026,382
2/6/2026,666
2/9/2026,619
2/9/2026,149
2/9/2026,122
2/9/2026,50
2/9/2026,566
2/9/2026,370
2/9/2026,423
2/9/2026,376
2/9/2026,537
2/9/2026,723
2/9/2026,841
2/9/2026,61
2/9/2026,183
2/9/2026,125
2/9/2026,244
2/9/2026,365
2/9/2026,423
2/9/2026,121
2/9/2026,602
2/9/2026,240
2/9/2026,62
2/9/2026,122
2/9/2026,481
2/9/2026,325
2/9/2026,209
2/9/2026,1201
2/10/2026,672
2/10/2026,808
2/10/2026,271
2/10/2026,754
2/10/2026,548
2/10/2026,570
2/10/2026,316
2/10/2026,381
2/10/2026,154
2/10/2026,69
2/10/2026,721
2/10/2026,243
2/10/2026,722
2/10/2026,423
2/10/2026,543
2/10/2026,784
2/10/2026,183
2/10/2026,545
2/10/2026,423
2/10/2026,242
2/10/2026,241
2/10/2026,475
2/10/2026,134
2/10/2026,371
2/12/2026,865
2/12/2026,1051
2/12/2026,172
2/12/2026,110
2/12/2026,378
2/12/2026,418
2/12/2026,593
2/12/2026,191
2/12/2026,230
2/12/2026,565
2/12/2026,308
2/12/2026,143
2/12/2026,2220
2/12/2026,63
2/12/2026,61
2/12/2026,63
2/12/2026,120
2/12/2026,600
2/12/2026,1202
2/12/2026,420
2/12/2026,63
2/12/2026,301
2/12/2026,416
2/12/2026,576
2/12/2026,149
2/13/2026,890
2/13/2026,212
2/13/2026,202
2/13/2026,287
2/13/2026,#VALUE!
2/13/2026,806
2/13/2026,484
2/13/2026,423
2/13/2026,112
2/13/2026,206
2/13/2026,142
2/13/2026,412
2/13/2026,226
2/13/2026,604
2/13/2026,186
2/13/2026,1004
2/13/2026,131
2/13/2026,125
2/13/2026,304
2/13/2026,245
2/13/2026,121
2/13/2026,122
2/13/2026,121
2/13/2026,185
2/13/2026,1083
2/13/2026,243
2/13/2026,241
2/13/2026,315
2/13/2026,373
2/13/2026,446
2/13/2026,146
2/13/2026,73
2/17/2026,2155
2/17/2026,529
2/17/2026,416
2/17/2026,822
2/17/2026,829
2/17/2026,1177
2/17/2026,633
2/17/2026,462
2/17/2026,372
2/17/2026,479
2/17/2026,1022
2/17/2026,540
2/17/2026,181
2/17/2026,725
2/17/2026,120
2/17/2026,159
2/17/2026,411
2/17/2026,456
2/17/2026,716
2/17/2026,407
2/18/2026,503
2/18/2026,544
2/18/2026,430
2/18/2026,710
2/18/2026,1208
2/18/2026,268
2/18/2026,353
2/18/2026,721
2/18/2026,725
2/18/2026,125
2/18/2026,2222
2/18/2026,180
2/18/2026,1620
2/18/2026,180
2/18/2026,65
2/18/2026,123
2/18/2026,545
2/18/2026,108
2/18/2026,521
2/19/2026,248
2/19/2026,593
2/19/2026,178
2/19/2026,1086
2/19/2026,633
2/19/2026,1049
2/19/2026,181
2/19/2026,481
2/19/2026,242
2/19/2026,540
2/19/2026,120
2/19/2026,303
2/19/2026,365
2/19/2026,540
2/19/2026,361
2/19/2026,275
2/19/2026,75
2/19/2026,68
2/19/2026,1230
2/19/2026,1855
2/19/2026,568
2/19/2026,513
2/19/2026,385
2/20/2026,446
2/20/2026,503
2/20/2026,551
2/20/2026,1065
2/20/2026,69
2/20/2026,1061
2/20/2026,61
2/20/2026,182
2/20/2026,243
2/20/2026,2
2/20/2026,184
2/20/2026,360
2/20/2026,240
2/20/2026,420
2/20/2026,60
2/20/2026,65
2/20/2026,202
2/20/2026,332
2/20/2026,167
2/23/2026,712
2/23/2026,658
2/23/2026,1321
2/23/2026,66
2/23/2026,476
2/23/2026,318
2/23/2026,902
2/23/2026,782
2/23/2026,721
2/23/2026,541
2/23/2026,1684
2/23/2026,244
2/23/2026,1156
2/23/2026,257
2/23/2026,252
2/23/2026,160
2/24/2026,1296
2/24/2026,152
2/24/2026,205
2/24/2026,665
2/24/2026,179
2/24/2026,767
2/24/2026,696
2/24/2026,96
2/24/2026,76
2/24/2026,1263
2/24/2026,121
2/24/2026,425
2/24/2026,63
2/24/2026,1565
2/24/2026,422
2/24/2026,722
2/24/2026,4
2/24/2026,391
2/24/2026,127
2/24/2026,905
2/24/2026,462
2/24/2026,226
2/24/2026,1395
2/25/2026,1513
2/25/2026,480
2/25/2026,1947
2/25/2026,744
2/25/2026,361
2/25/2026,1310
2/25/2026,425
2/25/2026,2
2/25/2026,422
2/25/2026,125
2/25/2026,600
2/25/2026,60
2/25/2026,183
2/25/2026,245
2/25/2026,893
2/25/2026,331
2/26/2026,352
2/26/2026,233
2/26/2026,135
2/26/2026,700
2/26/2026,40
2/26/2026,628
2/26/2026,1442
2/26/2026,383
2/26/2026,1934
2/26/2026,464
2/26/2026,270
2/26/2026,34
2/26/2026,151
2/26/2026,365
2/26/2026,720
2/26/2026,240
2/26/2026,362
2/26/2026,364
2/26/2026,729
2/26/2026,674
2/26/2026,1010
2/26/2026,510
2/27/2026,459
2/27/2026,454
2/27/2026,415
2/27/2026,15
2/27/2026,212
2/27/2026,123
2/27/2026,436
2/27/2026,582
2/27/2026,1364
2/27/2026,111
2/27/2026,302
2/27/2026,425
2/27/2026,63
2/27/2026,303
2/27/2026,124
2/27/2026,65
2/27/2026,63
2/27/2026,1860
2/27/2026,203
2/27/2026,478
2/27/2026,57
2/27/2026,128
2/27/2026,449
3/2/2026,385
3/2/2026,280
3/2/2026,518
3/2/2026,579
3/2/2026,283
3/2/2026,59
3/2/2026,101
3/2/2026,145
3/2/2026,219
3/2/2026,351
3/2/2026,1505
3/2/2026,122
3/2/2026,5
3/2/2026,245
3/2/2026,123
3/2/2026,62
3/2/2026,60
3/2/2026,62
3/2/2026,604
3/2/2026,184
3/2/2026,877
3/2/2026,224
3/2/2026,196
3/2/2026,177
3/3/2026,129
3/3/2026,907
3/3/2026,384
3/3/2026,517
3/3/2026,993
3/3/2026,36
3/3/2026,266
3/3/2026,796
3/3/2026,920
3/3/2026,2322
3/3/2026,3480
3/3/2026,121
3/3/2026,424
3/3/2026,125
3/3/2026,2103
3/3/2026,540
3/3/2026,243
3/3/2026,241
3/3/2026,1162
3/3/2026,922
3/4/2026,423
3/4/2026,605
3/4/2026,596
3/4/2026,610
3/4/2026,86
3/4/2026,659
3/4/2026,713
3/4/2026,56
3/4/2026,562
3/4/2026,201
3/4/2026,1170
3/4/2026,605
3/4/2026,2283
3/4/2026,662
3/4/2026,122
3/4/2026,63
3/4/2026,185
3/4/2026,425
3/4/2026,52
3/4/2026,151
3/4/2026,686
3/4/2026,387
3/4/2026,423
3/4/2026,822
3/5/2026,225
3/5/2026,863
3/5/2026,328
3/5/2026,533
3/5/2026,283
3/5/2026,1176
3/5/2026,414
3/5/2026,1085
3/5/2026,63
3/5/2026,844
3/5/2026,605
3/5/2026,121
3/5/2026,182
3/5/2026,485
3/5/2026,1682
3/5/2026,378
3/5/2026,282
3/5/2026,226
3/6/2026,468
3/6/2026,113
3/6/2026,609
3/6/2026,199
3/6/2026,455
3/6/2026,2181
3/6/2026,181
3/6/2026,120
3/6/2026,300
3/6/2026,180
3/6/2026,362
3/6/2026,5
3/6/2026,181
3/6/2026,243
3/6/2026,65
3/6/2026,905
3/6/2026,260
3/6/2026,814
3/6/2026,397
3/6/2026,211
3/6/2026,104
3/6/2026,445
3/10/2026,1299
3/10/2026,97
3/10/2026,276
3/10/2026,561
3/10/2026,172
3/10/2026,152
3/10/2026,372
3/10/2026,334
3/10/2026,317
3/10/2026,277
3/10/2026,257
3/10/2026,212
3/10/2026,837
3/10/2026,182
3/10/2026,122
3/10/2026,361
3/10/2026,4
3/10/2026,842
3/10/2026,665
3/10/2026,351
3/10/2026,164
3/10/2026,1749
3/10/2026,1390
3/11/2026,462
3/11/2026,2388
3/11/2026,563
3/11/2026,324
3/11/2026,2374
3/11/2026,1195
3/11/2026,252
3/11/2026,725
3/11/2026,180
3/11/2026,1864
3/11/2026,481
3/11/2026,60
3/11/2026,785
3/11/2026,484
3/11/2026,485
3/11/2026,181
3/11/2026,102
3/11/2026,91
3/11/2026,512
3/11/2026,322
3/12/2026,1559
3/12/2026,781
3/12/2026,167
3/12/2026,422
3/12/2026,340
3/12/2026,632
3/12/2026,415
3/12/2026,322
3/12/2026,418
3/12/2026,585
3/12/2026,268
3/12/2026,797
3/12/2026,480
3/12/2026,184
3/12/2026,480
3/12/2026,245
3/12/2026,1021
3/12/2026,241
3/12/2026,1021
3/12/2026,65
3/12/2026,933
3/12/2026,292
3/12/2026,166
3/12/2026,388
3/12/2026,270
3/12/2026,107
3/12/2026,514
3/13/2026,543
3/13/2026,995
3/13/2026,138
3/13/2026,157
3/13/2026,1530
3/13/2026,178
3/13/2026,639
3/13/2026,600
3/13/2026,481
3/13/2026,603
3/13/2026,61
3/13/2026,243
3/13/2026,1
3/13/2026,245
3/13/2026,247
3/13/2026,86
3/13/2026,24
3/13/2026,624
3/13/2026,128
3/16/2026,1313
3/16/2026,198
3/16/2026,802
3/16/2026,141
3/16/2026,1864
3/16/2026,249
3/16/2026,1436
3/16/2026,556
3/16/2026,1190
3/16/2026,1205
3/16/2026,1080
3/16/2026,481
3/16/2026,963
3/16/2026,664
3/16/2026,365
3/16/2026,421
3/16/2026,725
3/16/2026,122
3/16/2026,1090
3/16/2026,445
3/16/2026,72
3/17/2026,203
3/17/2026,1175
3/17/2026,248
3/17/2026,838
3/17/2026,152
3/17/2026,200
3/17/2026,839
3/17/2026,785
3/17/2026,225
3/17/2026,969
3/17/2026,2705
3/17/2026,723
3/17/2026,542
3/17/2026,118
3/17/2026,549
3/17/2026,552
3/17/2026,1107
3/18/2026,1404
3/18/2026,178
3/18/2026,533
3/18/2026,250
3/18/2026,683
3/18/2026,637
3/18/2026,1029
3/18/2026,347
3/18/2026,179
3/18/2026,221
3/18/2026,798
3/18/2026,124
3/18/2026,725
3/18/2026,485
3/18/2026,122
3/18/2026,1080
3/18/2026,422
3/18/2026,661
3/18/2026,122
3/18/2026,207
3/18/2026,113
3/18/2026,692
3/19/2026,415
3/19/2026,628
3/19/2026,476
3/19/2026,2420
3/19/2026,655
3/19/2026,1732
3/19/2026,416
3/19/2026,316
3/19/2026,903
3/19/2026,665
3/19/2026,241
3/19/2026,241
3/19/2026,665
3/19/2026,121
3/19/2026,184
3/19/2026,123
3/19/2026,302
3/19/2026,182
3/19/2026,964
3/19/2026,733
3/19/2026,321
3/20/2026,560
3/20/2026,311
3/20/2026,812
3/20/2026,723
3/20/2026,227
3/20/2026,585
3/20/2026,1250
3/20/2026,165
3/20/2026,92
3/20/2026,121
3/20/2026,480
3/20/2026,1562
3/20/2026,5
3/20/2026,783
3/20/2026,65
3/20/2026,964
3/20/2026,62
3/20/2026,180
3/20/2026,181
3/20/2026,176
3/20/2026,435
3/20/2026,187
3/23/2026,497
3/23/2026,1265
3/23/2026,519
3/23/2026,69
3/23/2026,309
3/23/2026,714
3/23/2026,576
3/23/2026,300
3/23/2026,63
3/23/2026,241
3/23/2026,424
3/23/2026,483
3/23/2026,534
3/23/2026,300
3/23/2026,243
3/23/2026,184
3/23/2026,943
3/23/2026,595
3/24/2026,201
3/24/2026,554
3/24/2026,171
3/24/2026,1851
3/24/2026,419
3/24/2026,308
3/24/2026,242
3/24/2026,740
3/24/2026,43
3/24/2026,550
3/24/2026,543
3/24/2026,64
3/24/2026,124
3/24/2026,185
3/24/2026,481
3/24/2026,600
3/24/2026,603
3/24/2026,62
3/24/2026,484
3/24/2026,1328
3/25/2026,1076
3/25/2026,46
3/25/2026,637
3/25/2026,881
3/25/2026,780
3/25/2026,180
3/25/2026,122
3/25/2026,182
3/25/2026,1503
3/25/2026,725
3/25/2026,121
3/25/2026,61
3/25/2026,304
3/25/2026,63
3/25/2026,1030
3/25/2026,104
3/25/2026,192
3/26/2026,1199
3/26/2026,485
3/26/2026,227
3/26/2026,502
3/26/2026,219
3/26/2026,426
3/26/2026,1123
3/26/2026,904
3/26/2026,2042
3/26/2026,181
3/26/2026,843
3/26/2026,3016
3/26/2026,596
3/26/2026,978
3/26/2026,352
3/26/2026,255
3/27/2026,417
3/27/2026,172
3/27/2026,141
3/27/2026,2
3/27/2026,524
3/27/2026,766
3/27/2026,1010
3/27/2026,315
3/27/2026,102
3/27/2026,219
3/27/2026,795
3/27/2026,206
3/27/2026,723
3/27/2026,363
3/27/2026,424
3/27/2026,425
3/27/2026,360
3/27/2026,243
3/27/2026,185
3/27/2026,61
3/27/2026,125
3/27/2026,649
3/27/2026,348
3/27/2026,245
3/27/2026,435
3/27/2026,250
3/27/2026,572
3/30/2026,168
3/30/2026,177
3/30/2026,302
3/30/2026,418
3/30/2026,302
3/30/2026,425
3/30/2026,28
3/30/2026,551
3/30/2026,673
3/30/2026,355
3/30/2026,302
3/30/2026,602
3/30/2026,124
3/30/2026,304
3/30/2026,62
3/30/2026,240
3/30/2026,2
3/30/2026,485
3/30/2026,127
3/30/2026,940
3/30/2026,205
3/31/2026,284
3/31/2026,356
3/31/2026,881
3/31/2026,547
3/31/2026,440
3/31/2026,381
3/31/2026,160
3/31/2026,114
3/31/2026,800
3/31/2026,195
3/31/2026,1080
3/31/2026,173
3/31/2026,375
3/31/2026,305
3/31/2026,577
3/31/2026,249
3/31/2026,360
3/31/2026,722
3/31/2026,540
3/31/2026,601
3/31/2026,722
3/31/2026,121
3/31/2026,661
3/31/2026,243
3/31/2026,65
3/31/2026,424
4/1/2026,573
4/1/2026,87
4/1/2026,2559
4/1/2026,532
4/1/2026,266
4/1/2026,609
4/1/2026,270
4/1/2026,311
4/1/2026,569
4/1/2026,303
4/1/2026,88
4/1/2026,481
4/1/2026,2101
4/1/2026,180
4/1/2026,481
4/1/2026,159
4/1/2026,129
4/2/2026,288
4/2/2026,188
4/2/2026,150
4/2/2026,101
4/2/2026,298
4/2/2026,55
4/2/2026,340
4/2/2026,189
4/2/2026,3043
4/2/2026,826
4/2/2026,541
4/2/2026,541
4/2/2026,185
4/2/2026,722
4/2/2026,65
4/2/2026,543
4/2/2026,540
4/2/2026,419
4/2/2026,1355
4/2/2026,66
4/2/2026,206
4/7/2026,193
4/7/2026,80
4/7/2026,796
4/7/2026,221
4/7/2026,347
4/7/2026,550
4/7/2026,52
4/7/2026,455
4/7/2026,80
4/7/2026,779
4/7/2026,1083
4/7/2026,240
4/7/2026,120
4/7/2026,301
4/7/2026,660
4/7/2026,725
4/7/2026,348
4/7/2026,407
4/7/2026,572
4/7/2026,907
4/7/2026,1133
4/8/2026,99
4/8/2026,118
4/8/2026,448
4/8/2026,396
4/8/2026,1140
4/8/2026,211
4/8/2026,393
4/8/2026,405
4/8/2026,125
4/8/2026,120
4/8/2026,425
4/8/2026,305
4/8/2026,123
4/8/2026,900
4/8/2026,361
4/8/2026,724
4/8/2026,180
4/8/2026,484
4/8/2026,1002
4/9/2026,318
4/9/2026,173
4/9/2026,1061
4/9/2026,299
4/9/2026,265
4/9/2026,704
4/9/2026,700
4/9/2026,185
4/9/2026,900
4/9/2026,604
4/9/2026,0
4/9/2026,241
4/9/2026,662
4/9/2026,1021
4/9/2026,243
4/9/2026,1224
4/9/2026,1747
4/9/2026,176
4/10/2026,210
4/10/2026,4
4/10/2026,1120
4/10/2026,314
4/10/2026,398
4/10/2026,174
4/10/2026,918
4/10/2026,526
4/10/2026,1956
4/10/2026,180
4/10/2026,245
4/10/2026,243
4/10/2026,242
4/10/2026,64
4/10/2026,303
4/10/2026,600
4/10/2026,1565
4/10/2026,421
4/10/2026,1324
4/10/2026,956
4/13/2026,749
4/13/2026,297
4/13/2026,988
4/13/2026,744
4/13/2026,349
4/13/2026,658
4/13/2026,250
4/13/2026,233
4/13/2026,88
4/13/2026,661
4/13/2026,63
4/13/2026,482
4/13/2026,62
4/13/2026,301
4/13/2026,240
4/13/2026,185
4/13/2026,622
4/13/2026,192
4/13/2026,1269
4/14/2026,284
4/14/2026,158
4/14/2026,131
4/14/2026,204
4/14/2026,156
4/14/2026,54
4/14/2026,352
4/14/2026,768
4/14/2026,281
4/14/2026,782
4/14/2026,364
4/14/2026,541
4/14/2026,1382
4/14/2026,1142
4/14/2026,872
4/14/2026,494
4/14/2026,1022
4/15/2026,781
4/15/2026,591
4/15/2026,153
4/15/2026,479
4/15/2026,454
4/15/2026,58
4/15/2026,145
4/15/2026,316
4/15/2026,201
4/15/2026,110
4/15/2026,181
4/15/2026,541
4/15/2026,5
4/15/2026,665
4/15/2026,363
4/15/2026,61
4/15/2026,183
4/15/2026,180
4/15/2026,1143
4/15/2026,364
4/15/2026,1262
4/15/2026,545
4/15/2026,64
4/15/2026,61
4/15/2026,788
4/15/2026,141
4/15/2026,352
4/15/2026,710
4/16/2026,191
4/16/2026,88
4/16/2026,350
4/16/2026,1640
4/16/2026,375
4/16/2026,536
4/16/2026,285
4/16/2026,761
4/16/2026,2289
4/16/2026,370
4/16/2026,182
4/16/2026,305
4/16/2026,785
4/16/2026,1682
4/16/2026,723
4/16/2026,1739
4/16/2026,162
4/16/2026,394
4/16/2026,545
4/17/2026,89
4/17/2026,451
4/17/2026,677
4/17/2026,103
4/17/2026,916
4/17/2026,317
4/17/2026,107
4/17/2026,602
4/17/2026,300
4/17/2026,180
4/17/2026,120
4/17/2026,1203
4/17/2026,482
4/17/2026,304
4/17/2026,125
4/17/2026,184
4/17/2026,420
4/17/2026,122
4/17/2026,270
4/17/2026,847
4/17/2026,1407
4/20/2026,670
4/20/2026,142
4/20/2026,102
4/20/2026,268
4/20/2026,1482
4/20/2026,1832
4/20/2026,425
4/20/2026,421
4/20/2026,243
4/20/2026,4
4/20/2026,1443
4/20/2026,485
4/20/2026,288
4/20/2026,447
4/21/2026,174
4/21/2026,1825
4/21/2026,162
4/21/2026,542
4/21/2026,87
4/21/2026,431
4/21/2026,723
4/21/2026,660
4/21/2026,243
4/21/2026,782
4/21/2026,481
4/21/2026,1142
4/21/2026,902
4/21/2026,604
4/21/2026,481
4/21/2026,382
4/21/2026,794
4/21/2026,89
4/21/2026,219
4/22/2026,500
4/22/2026,259
4/22/2026,69
4/22/2026,55
4/22/2026,152
4/22/2026,237
4/22/2026,1083
4/22/2026,362
4/22/2026,240
4/22/2026,303
4/22/2026,1025
4/22/2026,421
4/22/2026,122
4/22/2026,1325
4/22/2026,64
4/22/2026,921
4/23/2026,610
4/23/2026,1319
4/23/2026,524
4/23/2026,397
4/23/2026,574
4/23/2026,894
4/23/2026,243
4/23/2026,2281
4/23/2026,1021
4/23/2026,63
4/23/2026,721
4/23/2026,244
4/23/2026,425
4/23/2026,961
4/23/2026,124
4/23/2026,316
4/23/2026,405
4/23/2026,1291
4/23/2026,142
4/24/2026,2265
4/24/2026,71
4/24/2026,145
4/24/2026,141
4/24/2026,149
4/24/2026,713
4/24/2026,72
4/24/2026,1191
4/24/2026,417
4/24/2026,65
4/24/2026,242
4/24/2026,244
4/24/2026,365
4/24/2026,240
4/24/2026,5
4/24/2026,544
4/24/2026,1
4/24/2026,301
4/24/2026,1711
4/27/2026,254
4/27/2026,148
4/27/2026,324
4/27/2026,489
4/27/2026,130
4/27/2026,305
4/27/2026,364
4/27/2026,63
4/27/2026,544
4/27/2026,241
4/27/2026,5
4/27/2026,302
4/27/2026,422
4/27/2026,127
4/28/2026,289
4/28/2026,303
4/28/2026,796
4/28/2026,742
4/28/2026,283
4/28/2026,281
4/28/2026,571
4/28/2026,646
4/28/2026,308
4/28/2026,632
4/28/2026,312
4/28/2026,545
4/28/2026,1940
4/28/2026,483
4/28/2026,780
4/28/2026,123
4/28/2026,124
4/28/2026,602
4/28/2026,1144
4/28/2026,121
4/28/2026,654
4/28/2026,588
4/28/2026,173
4/29/2026,1240
4/29/2026,358
4/29/2026,307
4/29/2026,778
4/29/2026,443
4/29/2026,767
4/29/2026,398
4/29/2026,608
4/29/2026,1134
4/29/2026,85
4/29/2026,219
4/29/2026,134
4/29/2026,125
4/29/2026,182
4/29/2026,483
4/29/2026,124
4/29/2026,360
4/29/2026,1683
4/29/2026,541
4/29/2026,121
4/29/2026,545
4/29/2026,61
4/29/2026,145
4/29/2026,17
4/30/2026,300
4/30/2026,1059
4/30/2026,239
4/30/2026,1049
4/30/2026,233
4/30/2026,332
4/30/2026,483
4/30/2026,244
4/30/2026,2213
4/30/2026,872
4/30/2026,108
4/30/2026,480
4/30/2026,1320
4/30/2026,303
4/30/2026,122
4/30/2026,720
4/30/2026,660
4/30/2026,3
4/30/2026,521
4/30/2026,984
4/30/2026,191
5/1/2026,199
5/1/2026,270
5/1/2026,259
5/1/2026,254
5/1/2026,61
5/1/2026,78
5/1/2026,51
5/1/2026,288
5/1/2026,661
5/1/2026,845
5/1/2026,61
5/1/2026,422
5/1/2026,545
5/1/2026,182
5/1/2026,64
5/1/2026,124
5/1/2026,185
5/1/2026,420
5/4/2026,115
5/4/2026,393
5/4/2026,94
5/4/2026,66
5/4/2026,1182
5/4/2026,162
5/4/2026,146
5/4/2026,319
5/4/2026,1261
5/4/2026,781
5/4/2026,305
5/4/2026,1022
5/4/2026,303
5/4/2026,545
5/4/2026,64
5/4/2026,185
5/4/2026,181
5/4/2026,739
5/4/2026,753
5/4/2026,336
5/5/2026,235
5/5/2026,138
5/5/2026,334
5/5/2026,234
5/5/2026,373
5/5/2026,404
5/5/2026,142
5/5/2026,904
5/5/2026,163
5/5/2026,304
5/5/2026,124
5/5/2026,1320
5/5/2026,662
5/5/2026,61
5/5/2026,1203
5/5/2026,215
5/5/2026,557
5/5/2026,171
5/5/2026,111
5/5/2026,228
5/5/2026,938
5/5/2026,671
5/6/2026,877
5/6/2026,667
5/6/2026,281
5/6/2026,88
5/6/2026,513
5/6/2026,333
5/6/2026,140
5/6/2026,363
5/6/2026,420
5/6/2026,420
5/6/2026,304
5/6/2026,361
5/6/2026,182
5/6/2026,423
5/6/2026,485
5/6/2026,363
5/6/2026,305
5/6/2026,353
5/6/2026,296
5/6/2026,503
5/7/2026,215
5/7/2026,392
5/7/2026,671
5/7/2026,530
5/7/2026,936
5/7/2026,646
5/7/2026,745
5/7/2026,1046
5/7/2026,114
5/7/2026,356
5/7/2026,722
5/7/2026,65
5/7/2026,1261
5/7/2026,965
5/7/2026,302
5/7/2026,905
5/7/2026,62
5/7/2026,184
5/7/2026,423
5/7/2026,65
5/7/2026,995
5/7/2026,262
5/7/2026,29
